Brand,State,County,Low,High,
11:11 Systems,AZ,Maricopa,"3,447","5,515",
11:11 Systems,MA,Middlesex,"1,438","2,300",
11:11 Systems,CO,Adams,"1,242","1,987",
15894 Valley Boulevard Investors LLC,CA,Los Angeles,33,53,
162 Jefferson,CA,San Mateo,60,97,
"16633 Ventura, LP",CA,Los Angeles,56,89,
"17836 Walnut 23, LLC",CA,Los Angeles,61,97,
23 & Me,CA,Santa Clara,59,94,
365 Data Centers,NJ,Bergen,"5,750","9,200",
365 Data Centers,CO,Adams,"3,068","4,908",
365 Data Centers,CA,Sacramento,623,996,
365 Data Centers,NJ,Somerset,625,"1,000",
365 Data Centers,CA,Los Angeles,75,119,
611 Wilshire Properties,CA,Los Angeles,27,43,
700 Wilshire Properties,CA,Los Angeles,52,83,
Accenture,MA,Essex,"2,000","3,200",
Acorn Technology,CA,Riverside,"1,610","2,576",
Adobe,OR,Washington,"4,418","7,068",
ADP,GA,Fulton,"2,500","4,000",
ADP,IL,Cook,688,"1,100",
ADP,CA,Los Angeles,404,647,
ADP,CA,Orange,333,533,
ADP,NH,Rockingham,250,400,
Alchemy Communications,CA,Orange,664,"1,062",
"Alexandria Real Estate Equities, Inc",CA,San Mateo,278,444,
Aligned Data Centers,AZ,Maricopa,"137,074","219,319",
Aligned Data Centers,UT,Salt Lake,"69,563","111,301",
Aligned Data Centers,VA,Loudoun,"69,000","110,400",1 of 2 facilities
Aligned Data Centers,VA,Loudoun,"69,000","110,400",1 of 2 facilities
Aligned Data Centers,AZ,Maricopa,"45,685","73,095",
Aligned Data Centers,AZ,Maricopa,"36,987","59,178",
Aligned Data Centers,IL,Cook,"37,000","59,200",
Aligned Data Centers,VA,Loudoun,"36,500","58,400",
Aligned Data Centers,GA,Douglas,"36,250","58,000",
Aligned Data Centers,OR,Washington,"31,750","50,800",
Aligned Data Centers,TX,Collin,"19,517","31,226",
Aligned Data Centers,AZ,Maricopa,"14,647","23,435",
Aligned Data Centers,UT,Salt Lake,"6,000","9,600",
ALLDATA Sollutions,CA,Sacramento,142,227,
AllState,IL,Ogle,"1,875","3,000",
ALOM,CA,Alameda,27,43,
Alpha Technologies,WV,Kanawha,550,880,
Altice USA,CA,Riverside,28,45,
Amazon,MS,Madison,"238,495","381,592",
Amazon,IN,St. Joseph,"160,875","257,400",
Amazon,VA,Loudoun,"101,350","162,160",1 of 6 facilities
Amazon,VA,Loudoun,"101,350","162,160",1 of 6 facilities
Amazon,VA,Loudoun,"101,350","162,160",1 of 6 facilities
Amazon,VA,Loudoun,"101,350","162,160",1 of 6 facilities
Amazon,VA,Loudoun,"101,350","162,160",1 of 6 facilities
Amazon,VA,Loudoun,"101,350","162,160",1 of 6 facilities
Amazon,VA,Loudoun,"74,313","118,900",1 of 7 facilities
Amazon,VA,Loudoun,"74,313","118,900",1 of 7 facilities
Amazon,VA,Loudoun,"74,313","118,900",1 of 7 facilities
Amazon,VA,Loudoun,"74,313","118,900",1 of 7 facilities
Amazon,VA,Loudoun,"74,313","118,900",1 of 7 facilities
Amazon,VA,Loudoun,"74,313","118,900",1 of 7 facilities
Amazon,VA,Loudoun,"74,313","118,900",1 of 7 facilities
Amazon,OH,Franklin,"72,175","115,480",
Amazon,VA,Loudoun,"71,800","114,880",1 of 6 facilities
Amazon,VA,Loudoun,"71,800","114,880",1 of 6 facilities
Amazon,VA,Loudoun,"71,800","114,880",1 of 6 facilities
Amazon,VA,Loudoun,"71,800","114,880",1 of 6 facilities
Amazon,VA,Loudoun,"71,800","114,880",1 of 6 facilities
Amazon,VA,Loudoun,"71,800","114,880",1 of 6 facilities
Amazon,VA,Prince William,"68,263","109,220",1 of 4 facilities
Amazon,VA,Prince William,"68,263","109,220",1 of 4 facilities
Amazon,VA,Prince William,"68,263","109,220",1 of 4 facilities
Amazon,VA,Prince William,"68,263","109,220",1 of 4 facilities
Amazon,VA,Loudoun,"66,888","107,020",1 of 6 facilities
Amazon,VA,Loudoun,"66,888","107,020",1 of 6 facilities
Amazon,VA,Loudoun,"66,888","107,020",1 of 6 facilities
Amazon,VA,Loudoun,"66,888","107,020",1 of 6 facilities
Amazon,VA,Loudoun,"66,888","107,020",1 of 6 facilities
Amazon,VA,Loudoun,"66,888","107,020",1 of 6 facilities
Amazon,OR,Umatilla,"66,756","106,810",
Amazon,OR,Morrow,"66,769","106,830",
Amazon,OR,Morrow,"66,650","106,640",
Amazon,VA,Prince William,"66,600","106,560",1 of 4 facilities
Amazon,VA,Prince William,"66,600","106,560",1 of 4 facilities
Amazon,VA,Prince William,"66,600","106,560",1 of 4 facilities
Amazon,VA,Prince William,"66,600","106,560",1 of 4 facilities
Amazon,OR,Umatilla,"66,456","106,330",
Amazon,OR,Morrow,"66,269","106,030",
Amazon,OR,Umatilla,"66,381","106,210",
Amazon,OR,Morrow,"65,456","104,730",
Amazon,OR,Morrow,"65,456","104,730",
Amazon,OR,Umatilla,"65,456","104,730",
Amazon,VA,Loudoun,"65,250","104,400",1 of 6 facilities
Amazon,VA,Loudoun,"65,250","104,400",1 of 6 facilities
Amazon,VA,Loudoun,"65,250","104,400",1 of 6 facilities
Amazon,VA,Loudoun,"65,250","104,400",1 of 6 facilities
Amazon,VA,Loudoun,"65,250","104,400",1 of 6 facilities
Amazon,VA,Loudoun,"65,250","104,400",1 of 6 facilities
Amazon,OR,Umatilla,"64,769","103,630",
Amazon,VA,Fairfax,"64,650","103,440",1 of 5 facilities
Amazon,VA,Fairfax,"64,650","103,440",1 of 5 facilities
Amazon,VA,Fairfax,"64,650","103,440",1 of 5 facilities
Amazon,VA,Fairfax,"64,650","103,440",1 of 5 facilities
Amazon,VA,Fairfax,"64,650","103,440",1 of 5 facilities
Amazon,VA,Loudoun,"61,328","98,125",1 of 5 facilities
Amazon,VA,Loudoun,"61,328","98,125",1 of 5 facilities
Amazon,VA,Loudoun,"61,328","98,125",1 of 5 facilities
Amazon,VA,Loudoun,"61,328","98,125",1 of 5 facilities
Amazon,VA,Loudoun,"61,328","98,125",1 of 5 facilities
Amazon,VA,Loudoun,"59,475","95,160",1 of 7 facilities
Amazon,VA,Loudoun,"59,475","95,160",1 of 7 facilities
Amazon,VA,Loudoun,"59,475","95,160",1 of 7 facilities
Amazon,VA,Loudoun,"59,475","95,160",1 of 7 facilities
Amazon,VA,Loudoun,"59,475","95,160",1 of 7 facilities
Amazon,VA,Loudoun,"59,475","95,160",1 of 7 facilities
Amazon,VA,Loudoun,"59,475","95,160",1 of 7 facilities
Amazon,VA,Loudoun,"59,525","95,240",
Amazon,VA,Loudoun,"59,250","94,800",1 of 4 facilities
Amazon,VA,Loudoun,"59,250","94,800",1 of 4 facilities
Amazon,VA,Loudoun,"59,250","94,800",1 of 4 facilities
Amazon,VA,Loudoun,"59,250","94,800",1 of 4 facilities
Amazon,VA,Prince William,"59,075","94,520",1 of 4 facilities
Amazon,VA,Prince William,"59,075","94,520",1 of 4 facilities
Amazon,VA,Prince William,"59,075","94,520",1 of 4 facilities
Amazon,VA,Prince William,"59,075","94,520",1 of 4 facilities
Amazon,OH,Franklin,"58,313","93,300",
Amazon,OH,Licking,"58,313","93,300",
Amazon,OH,Franklin,"58,313","93,300",
Amazon,VA,Loudoun,"57,565","92,103",1 of 3 facilities
Amazon,VA,Loudoun,"57,565","92,103",1 of 3 facilities
Amazon,VA,Loudoun,"57,565","92,103",1 of 3 facilities
Amazon,OH,Licking,"57,325","91,720",
Amazon,OR,Morrow,"56,181","89,890",
Amazon,VA,Prince William,"55,500","88,800",1 of 4 facilities
Amazon,VA,Prince William,"55,500","88,800",1 of 4 facilities
Amazon,VA,Prince William,"55,500","88,800",1 of 4 facilities
Amazon,VA,Prince William,"55,500","88,800",1 of 4 facilities
Amazon,VA,Prince William,"53,750","86,000",1 of 5 facilities
Amazon,VA,Prince William,"53,750","86,000",1 of 5 facilities
Amazon,VA,Prince William,"53,750","86,000",1 of 5 facilities
Amazon,VA,Prince William,"53,750","86,000",1 of 5 facilities
Amazon,VA,Prince William,"53,750","86,000",1 of 5 facilities
Amazon,OR,Morrow,"52,956","84,730",
Amazon,VA,Prince William,"52,963","84,740",1 of 4 facilities
Amazon,VA,Prince William,"52,963","84,740",1 of 4 facilities
Amazon,VA,Prince William,"52,963","84,740",1 of 4 facilities
Amazon,VA,Prince William,"52,963","84,740",1 of 4 facilities
Amazon,VA,Prince William,"51,700","82,720",1 of 5 facilities
Amazon,VA,Prince William,"51,700","82,720",1 of 5 facilities
Amazon,VA,Prince William,"51,700","82,720",1 of 5 facilities
Amazon,VA,Prince William,"51,700","82,720",1 of 5 facilities
Amazon,VA,Prince William,"51,700","82,720",1 of 5 facilities
Amazon,PA,Luzerne,"48,000","76,800",
Amazon,VA,Loudoun,"44,000","70,400",1 of 4 facilities
Amazon,VA,Loudoun,"44,000","70,400",1 of 4 facilities
Amazon,VA,Loudoun,"44,000","70,400",1 of 4 facilities
Amazon,VA,Loudoun,"44,000","70,400",1 of 4 facilities
Amazon,VA,Fairfax,"40,575","64,920",1 of 4 facilities
Amazon,VA,Fairfax,"40,575","64,920",1 of 4 facilities
Amazon,VA,Fairfax,"40,575","64,920",1 of 4 facilities
Amazon,VA,Fairfax,"40,575","64,920",1 of 4 facilities
Amazon,VA,Loudoun,"39,750","63,600",1 of 3 facilities
Amazon,VA,Loudoun,"39,750","63,600",1 of 3 facilities
Amazon,VA,Loudoun,"39,750","63,600",1 of 3 facilities
Amazon,VA,Loudoun,"36,500","58,400",1 of 3 facilities
Amazon,VA,Loudoun,"36,500","58,400",1 of 3 facilities
Amazon,VA,Loudoun,"36,500","58,400",1 of 3 facilities
Amazon,VA,Loudoun,"35,750","57,200",1 of 3 facilities
Amazon,VA,Loudoun,"35,750","57,200",1 of 3 facilities
Amazon,VA,Loudoun,"35,750","57,200",1 of 3 facilities
Amazon,VA,Loudoun,"33,800","54,080",1 of 3 facilities
Amazon,VA,Loudoun,"33,800","54,080",1 of 3 facilities
Amazon,VA,Loudoun,"33,800","54,080",1 of 3 facilities
Amazon,VA,Prince William,"33,125","53,000",1 of 3 facilities
Amazon,VA,Prince William,"33,125","53,000",1 of 3 facilities
Amazon,VA,Prince William,"33,125","53,000",1 of 3 facilities
Amazon,VA,Prince William,"30,375","48,600",1 of 2 facilities
Amazon,VA,Prince William,"30,375","48,600",1 of 2 facilities
Amazon,VA,Loudoun,"28,500","45,600",1 of 2 facilities
Amazon,VA,Loudoun,"28,500","45,600",1 of 2 facilities
Amazon,VA,Loudoun,"28,500","45,600",1 of 2 facilities
Amazon,VA,Loudoun,"28,500","45,600",1 of 2 facilities
Amazon,VA,Prince William,"26,300","42,080",1 of 2 facilities
Amazon,VA,Prince William,"26,300","42,080",1 of 2 facilities
Amazon,OR,Morrow,"25,331","40,530",
Amazon,VA,Loudoun,"24,500","39,200",1 of 2 facilities
Amazon,VA,Loudoun,"24,500","39,200",1 of 2 facilities
Amazon,VA,Loudoun,"23,800","38,080",1 of 2 facilities
Amazon,VA,Loudoun,"23,800","38,080",1 of 2 facilities
Amazon,VA,Loudoun,"22,500","36,000",
Amazon,VA,Culpeper,"21,650","34,640",
Amazon,VA,Loudoun,"20,994","33,590",1 of 2 facilities
Amazon,VA,Loudoun,"20,994","33,590",1 of 2 facilities
Amazon,VA,Prince William,"18,800","30,080",1 of 3 facilities
Amazon,VA,Prince William,"18,800","30,080",1 of 3 facilities
Amazon,VA,Prince William,"18,800","30,080",1 of 3 facilities
Amazon,VA,Loudoun,"18,600","29,760",
Amazon,VA,Fairfax,"18,525","29,640",
Amazon,VA,Loudoun,"14,900","23,840",
Amazon,CA,Santa Clara,"13,687","21,899",
Amazon,CA,Alameda,"13,590","21,743",
Amazon,OH,Union,"12,563","20,100",
Amazon,CO,Arapahoe,"11,614","18,582",
Amazon,VA,Culpeper,"11,625","18,600",
Amazon,IN,Porter,"10,869","17,390",
Amazon,VA,Fairfax,"9,500","15,200",
Amazon,MD,Howard,"8,900","14,240",
Amazon,MD,Howard,"8,900","14,240",
Amazon,MD,Anne Arundel,"8,900","14,240",
Amazon,TX,Bexar,"8,900","14,240",
Amazon,TX,Bexar,"8,900","14,240",
Amazon,TX,Bexar,"8,900","14,240",
Amazon,VA,Fauquier,"8,875","14,200",
Amazon,VA,Fairfax,"6,275","10,040",
Amazon,CA,Santa Clara,"4,742","7,588",
Amazon,TX,Dallas,"4,563","7,300",
Amazon,VA,Fairfax,"4,213","6,740",
Amazon,CA,San Bernardino,"2,699","4,319",
Amazon,GA,Forsyth,"1,400","2,240",
Amazon,CA,Alameda,578,924,
Amazon,CA,Orange,93,149,
Amazon,CA,Orange,62,99,
Amazon,CA,Orange,23,36,
Amazon,CA,Los Angeles,57,91,
American Express,AZ,Maricopa,"3,625","5,800",
American Honda Motor Company,CO,Boulder,545,872,
American Medical Response,CA,San Joaquin,50,80,
Apple,IA,Dallas,not disclosed,not disclosed,
Apple,NC,Catawba,"55,875","89,400",
Apple,AZ,Maricopa,"46,553","74,485",
Apple,OR,Crook,"21,750","34,800",
Apple,CA,Los Angeles,65,103,
Apple,CA,Los Angeles,59,94,
Ark Data Centers,AZ,Pima,500,800,
Ark Data Centers,OH,Stark,375,600,
Armstrong Energy Corporation,KS,Edwards,758,"1,213",
Ascent,GA,Fulton,"4,375","7,000",
Ascent,IL,Cook,"3,188","5,100",
AT&T,GA,Fulton,"4,000","6,400",
AT&T,GA,Fulton,"3,256","5,210",
AT&T,GA,Fulton,"2,438","3,900",
AT&T,CA,San Mateo,"1,913","3,062",
AT&T,CA,San Francisco,"1,594","2,550",
AT&T,GA,Fulton,901,"1,442",
AT&T,GA,Fulton,438,700,
AT&T,GA,Fulton,25,40,
Avnet,CA,Santa Clara,226,362,
Bacall Group,MI,Oakland,750,"1,200",
Barclays Capital,NJ,Middlesex,"4,050","6,480",
BlackRock,WA,Douglas,"1,875","3,000",
Bloomberg,NY,Rockland,not disclosed,not disclosed,
Bloomberg,NJ,Middlesex,"3,875","6,200",
Bloomberg,NJ,Passaic,"3,750","6,000",
Blue Cross Blue Shield,IL,Lake,"2,000","3,200",
Blue Cross Blue Shield,UT,Salt Lake,750,"1,200",
Bonafide Medical Group,CA,Ventura,29,47,
Bracket Global LLC,CA,San Francisco,305,488,
Cabela's Wholesale,NE,Sarpy,823,"1,316",
California Legislative Counsel,CA,Sacramento,282,450,
Capital One,VA,Henrico,"3,561","5,698",1 of 3 facilities
Capital One,VA,Henrico,"3,561","5,698",1 of 3 facilities
Capital One,VA,Henrico,"3,561","5,698",1 of 3 facilities
Cardinal Energy,VA,Frederick,"3,728","5,964",
Care Mark,AZ,Maricopa,"2,179","3,486",
Carinet Inc,CA,San Diego,414,662,
Carter Funds,AZ,Pima,"4,814","7,703",
Cast & Crew,IA,Dallas,"1,125","1,800",
Catholic Health Initiative,CO,Denver,500,800,
CBRE,AZ,Maricopa,"3,030","4,848",
CBRE,CA,Orange,33,52,
CBS,CA,San Francisco,141,225,
Centersquare,NJ,Secaucus,not disclosed,not disclosed,
Centersquare,VA,Loudoun,"11,000","17,600",1 of 3 facilities
Centersquare,VA,Loudoun,"11,000","17,600",1 of 3 facilities
Centersquare,VA,Loudoun,"11,000","17,600",1 of 3 facilities
Centersquare,NJ,Hudson,"10,524","16,838",
Centersquare,IL,DuPage,"8,250","13,200",
Centersquare,IL,Cook,"7,305","11,688",
Centersquare,CA,Orange,"6,942","11,107",
Centersquare,CA,Santa Clara,"6,169","9,870",
Centersquare,VA,Loudoun,"6,000","9,600",
Centersquare,MA,Middlesex,"5,442","8,708",
Centersquare,CO,Douglas,"5,380","8,608",
Centersquare,VA,Loudoun,"5,250","8,400",
Centersquare,IL,DuPage,"5,102","8,163",
Centersquare,CA,Orange,"4,312","6,899",
Centersquare,CA,Santa Clara,"4,388","7,020",
Centersquare,NJ,Middlesex,"4,375","7,000",
Centersquare,CA,Santa Clara,"4,031","6,450",
Centersquare,CA,Santa Clara,"3,720","5,951",
Centersquare,GA,Douglas,"3,688","5,900",
Centersquare,AZ,Maricopa,"3,205","5,128",
Centersquare,FL,HIllsborough,"2,625","4,200",
Centersquare,AZ,Maricopa,"2,186","3,497",
Centersquare,CO,Douglas,"2,069","3,311",
Centersquare,CO,Arapahoe,"2,083","3,332",
Centersquare,CA,Santa Clara,"1,793","2,869",
Centersquare,OH,Delaware,"1,875","3,000",
Centersquare,VA,Loudoun,"1,500","2,400",
Centersquare,NJ,Hudson,"1,288","2,060",
Centersquare,CA,Santa Clara,987,"1,578",
Centersquare,CA,Santa Clara,"1,072","1,716",
Centersquare,MA,Middlesex,"1,000","1,600",
Centersquare,CA,Los Angeles,536,858,
Cerulean Global,CA,Santa Clara,"1,035","1,655",
Charles Schwab,AZ,Maricopa,"2,500","4,000",
Chirisa Technology Parks,VA,Chesterfield,"9,750","15,600",
Christiana Care Health Services,DE,New Castle,375,600,
Cisco,CA,San Jose,"2,757","4,411",
Cisco,CA,Santa Clara,"2,429","3,887",
Cisco,VA,Fairfax,437,698,
Citigroup,TX,Denton,"5,000","8,000",
Citrix Systems International,CA,Santa Barbara,141,225,
City National Bank,CA,Los Angeles,531,850,
CLOP Olathe KS LLC,KS,Johnson,"4,625","7,400",
CloudHQ,VA,Loudoun,"142,524","228,038",1 of 3 facilities
CloudHQ,VA,Loudoun,"142,524","228,038",1 of 3 facilities
CloudHQ,VA,Loudoun,"142,524","228,038",1 of 3 facilities
CloudHQ,VA,Loudoun,"78,500","125,600",
CloudHQ,VA,Prince William,"74,500","119,200",1 of 3 facilities
CloudHQ,VA,Prince William,"74,500","119,200",1 of 3 facilities
CloudHQ,VA,Prince William,"74,500","119,200",1 of 3 facilities
CloudHQ,VA,Prince William,"42,000","67,200",
CloudHQ,IL,Cook,"12,809","20,494",
CloudHQ,VA,Prince William,"11,500","18,400",
Cogent,GA,Fulton,"2,484","3,974",
Cogent,MO,Jackson,"2,000","3,200",
Cogent,MD,Howard,"1,688","2,700",
Cogent,CA,Orange,"1,242","1,986",
Cogent,CA,Los Angeles,"1,038","1,661",
Cogent,DC,District of Columbia,759,"1,214",
Cogent,CA,Los Angeles,545,872,
Cogent,CA,San Bernardino,414,662,
Cogent,CA,Los Angeles,375,600,
Cogent,CA,San Diego,212,338,
Cogent,MA,Hampden,188,300,
Cogent,CA,Los Angeles,70,112,
Cogent,CA,Orange,17,28,
Cologix,VA,Loudoun,"38,250","61,200",
Cologix,OH,Franklin,"12,375","19,800",
Cologix,OH,Franklin,"6,750","10,800",
Cologix,CA,Santa Clara,"3,732","5,971",
Cologix,NJ,Morris,450,720,
Cologix,NJ,Morris,375,600,
Cologix,NJ,Morris,75,120,
Coloswitch,CA,Los Angeles,141,226,
Comarch,AZ,Maricopa,682,"1,091",
Comcast,VA,Prince William,"13,047","20,874",
Compass Datacenters,AZ,Maricopa,not disclosed,not disclosed,
Compass Datacenters,TX,Ellis,"212,800","340,480",
Compass Datacenters,AZ,Maricopa,"154,500","247,200",
Compass Datacenters,VA,Loudoun,"40,000","64,000",1 of 4 facilities
Compass Datacenters,VA,Loudoun,"40,000","64,000",1 of 4 facilities
Compass Datacenters,VA,Loudoun,"40,000","64,000",1 of 4 facilities
Compass Datacenters,VA,Loudoun,"40,000","64,000",1 of 4 facilities
"Computer Services, Inc.",CA,Yolo,38,60,
Computershare,CO,Arapahoe,"1,118","1,789",
Congruity 360,MA,Bristol,"1,000","1,600",
Conscious Capital,CA,Sacramento,"1,540","2,464",
Consolidated Communications,NH,Hillsborough,"1,227","1,962",
Consolidated Communications,NH,Belknap,300,480,
Continent 8,NJ,Atlantic,500,800,
Contractor's Register Inc.,NY,Westchester,543,869,
Cooper Standard,IN,DeKalb,283,453,
COPT Defense Properties,VA,Fairfax,"3,250","5,200",
COPT Defense Properties,VA,Chesterfield,"1,875","3,000",
COPT Defense Properties,VA,Russell,"1,125","1,800",
Cordiant Digital Infrastructure Limited,NY,New York,"4,360","6,977",
CoreSite,VA,Fairfax,"355,559","568,894",
CoreSite,VA,Fairfax,"23,495","37,592",
CoreSite,CA,Los Angeles,"12,478","19,965",
CoreSite,CO,Denver,"11,375","18,200",
CoreSite,CA,Santa Clara,"8,822","14,115",
CoreSite,NJ,Hudson,"5,625","9,000",
CoreSite,MA,Middlesex,"5,227","8,362",
CoreSite,FL,Miami-Dade,"3,500","5,600",
CoreSite,CA,Santa Clara,"3,267","5,228",
CoreSite,CA,Santa Clara,"2,721","4,354",
CoreSite,NY,New York,"2,294","3,670",
CoreSite,CA,Santa Clara,"2,190","3,504",
CoreSite,IL,Cook,"2,000","3,200",
CoreSite,FL,Orange,"2,100","3,360",
CoreSite,CA,Santa Clara,"1,338","2,140",
CoreSite,CO,Denver,684,"1,094",
CoreSite,DC,District of Columbia,684,"1,094",
CoreWeave,TX,Collin,"6,875","11,000",
Corscale Data Centers,VA,Prince William,"178,325","285,320",1 of 6 facilities
Corscale Data Centers,VA,Prince William,"178,325","285,320",1 of 6 facilities
Corscale Data Centers,VA,Prince William,"178,325","285,320",1 of 6 facilities
Corscale Data Centers,VA,Prince William,"178,325","285,320",1 of 6 facilities
Corscale Data Centers,VA,Prince William,"178,325","285,320",1 of 6 facilities
Corscale Data Centers,VA,Prince William,"178,325","285,320",1 of 6 facilities
Cottage Health,CA,Santa Barbara,750,"1,200",
Cox Communications,AZ,Maricopa,"1,003","1,605",
Cox Communications,AZ,Maricopa,503,805,
Crown Castle Fiber,CA,Los Angeles,141,225,
Crusoe Energy,ND,Williams,"23,303","37,285",
Crusoe Energy,UT,Duchesne,"5,956","9,529",
Crusoe Energy,MT,Richland,"4,597","7,355",
Crusoe Energy,MT,Richland,"4,597","7,355",
Crusoe Energy,MT,Richland,"4,202","6,724",
Crusoe Energy,MT,Richland,"2,418","3,869",
Crusoe Energy,MT,Richland,"2,418","3,869",
Crusoe Energy,MT,Richland,"1,864","2,983",
Crusoe Energy,CO,Jackson,"1,600","2,559",
CSG International,NE,Douglas,343,548,
CSL Limited,PA,Montgomery,698,"1,116",
CT Corporation System,CA,Los Angeles,"4,621","7,394",
CyrusOne,VA,Loudoun,"57,250","91,600",
CyrusOne,VA,Loudoun,"53,938","86,300",
CyrusOne,AZ,Maricopa,"53,343","85,349",
CyrusOne,IL,DuPage,"52,813","84,500",
CyrusOne,TX,Harris,"39,824","63,718",
CyrusOne,TX,Harris,"38,033","60,852",1 of 2 facilities
CyrusOne,TX,Harris,"38,033","60,852",1 of 2 facilities
CyrusOne,TX,Denton,"25,665","41,064",
CyrusOne,WA,Grant,"22,875","36,600",
CyrusOne,VA,Loudoun,"21,563","34,500",
CyrusOne,TX,Bexar,"20,660","33,055",
CyrusOne,OH,Warren,"18,182","29,091",
CyrusOne,CA,Santa Clara,"17,502","28,004",
CyrusOne,TX,Bexar,"16,500","26,400",
CyrusOne,TX,Bexar,"13,489","21,582",
CyrusOne,NJ,Somerset,"13,438","21,500",
CyrusOne,TX,Collin,"12,286","19,657",
CyrusOne,VA,Loudoun,"12,281","19,650",
CyrusOne,TX,Travis,"11,057","17,691",
CyrusOne,IA,Pottawattamie,"10,621","16,993",
CyrusOne,TX,Denton,"10,615","16,983",
CyrusOne,TX,Dallas,"10,617","16,986",
CyrusOne,KY,Boone,"9,165","14,664",
CyrusOne,TX,Travis,"8,558","13,692",
CyrusOne,VA,Loudoun,"6,500","10,400",
CyrusOne,VA,Loudoun,"6,500","10,400",
CyrusOne,TX,Bexar,"4,575","7,320",
CyrusOne,OH,Butler,"2,700","4,320",
CyrusOne,NJ,Passaic,"2,500","4,000",
CyrusOne,OH,Warren,"1,100","1,760",
CyrusOne,NJ,Passaic,200,320,
DakotaCom.Net,AZ,Pima,109,174,
Data Canopy,DE,New Castle,766,"1,226",
Data Canopy,DE,New Castle,625,"1,000",
Data Point,MD,Baltimore City,900,"1,440",
Data Recognition Corporation,MN,Hennepin,250,400,
Data Recognition Corporation,MN,Hennepin,150,240,
DataBank,UT,Salt Lake,"27,347","43,754",1 of 5 facilities
DataBank,UT,Salt Lake,"27,347","43,754",1 of 5 facilities
DataBank,UT,Salt Lake,"27,347","43,754",1 of 5 facilities
DataBank,UT,Salt Lake,"27,347","43,754",1 of 5 facilities
DataBank,UT,Salt Lake,"27,347","43,754",1 of 5 facilities
DataBank,VA,Loudoun,"19,500","31,200",1 of 2 facilities
DataBank,VA,Loudoun,"19,500","31,200",1 of 2 facilities
DataBank,GA,Fulton,"18,500","29,600",
DataBank,NY,Rockland,"13,813","22,100",
DataBank,IL,DuPage,"6,690","10,704",
DataBank,TX,Harris,"6,238","9,980",
DataBank,MN,Hennepin,"4,063","6,500",
DataBank,CA,Orange,"3,823","6,117",
DataBank,IN,Marion,"3,285","5,256",
DataBank,GA,Fulton,"3,125","5,000",
DataBank,GA,Fulton,"3,000","4,800",
DataBank,CA,Orange,"2,663","4,260",
DataBank,PA,Allegheny,"2,375","3,800",
DataBank,CA,San Diego,"2,414","3,862",
DataBank,CO,Arapahoe,"2,190","3,504",
DataBank,NJ,Middlesex,"2,033","3,252",
DataBank,VA,Fairfax,"1,688","2,700",
DataBank,CA,Santa Clara,"1,633","2,612",
DataBank,KS,Johnson,"1,500","2,400",
DataBank,KS,Johnson,"1,243","1,989",
DataBank,NJ,Essex,994,"1,590",
DataBank,IL,Cook,"1,000","1,600",
DataBank,AZ,Maricopa,668,"1,068",
DataBank,CO,Jefferson,503,805,
DataBank,MD,Baltimore City,500,800,
DataBank,KS,Johnson,252,403,
DataBank,OH,Cuyahoga,188,300,
DataBank,CO,Denver,115,184,
"Databank, CoreSite",CA,Los Angeles,967,"1,547",
Datacate,CA,Sacramento,109,174,
David Grant Medical Center,CA,Solano,"1,667","2,667",
DBT Data,VA,Rockingham,"7,500","12,000",
Deere & Company,IL,Rock Island,"1,838","2,940",
Denver Federal Center,CO,Denver,"1,000","1,600",
DEX,CA,Ventura,59,95,
Digital Capital Partners,IL,Cook,"1,125","1,800",
Digital Crossroad,IN,Lake,"9,076","14,522",
Digital Realty,MA,Middlesex,not disclosed,not disclosed,
Digital Realty,VA,Loudoun,"178,963","286,340",1 of 6 facilities
Digital Realty,VA,Loudoun,"178,963","286,340",1 of 6 facilities
Digital Realty,VA,Loudoun,"178,963","286,340",1 of 6 facilities
Digital Realty,VA,Loudoun,"178,963","286,340",1 of 6 facilities
Digital Realty,VA,Loudoun,"178,963","286,340",1 of 6 facilities
Digital Realty,VA,Loudoun,"178,963","286,340",1 of 6 facilities
Digital Realty,VA,Prince William,"107,738","172,380",1 of 3 facilities
Digital Realty,VA,Prince William,"107,738","172,380",1 of 3 facilities
Digital Realty,VA,Prince William,"107,738","172,380",1 of 3 facilities
Digital Realty,VA,Loudoun,"100,620","160,992",1 of 8 facilities
Digital Realty,VA,Loudoun,"100,620","160,992",1 of 8 facilities
Digital Realty,VA,Loudoun,"100,620","160,992",1 of 8 facilities
Digital Realty,VA,Loudoun,"100,620","160,992",1 of 8 facilities
Digital Realty,VA,Loudoun,"100,620","160,992",1 of 8 facilities
Digital Realty,VA,Loudoun,"100,620","160,992",1 of 8 facilities
Digital Realty,VA,Loudoun,"100,620","160,992",1 of 8 facilities
Digital Realty,VA,Loudoun,"100,620","160,992",1 of 8 facilities
Digital Realty,VA,Loudoun,"93,313","149,300",1 of 2 facilities
Digital Realty,VA,Loudoun,"93,313","149,300",1 of 2 facilities
Digital Realty,VA,Loudoun,"69,794","111,670",1 of 2 facilities
Digital Realty,VA,Loudoun,"69,794","111,670",1 of 2 facilities
Digital Realty,OR,Washington,"56,999","91,198",
Digital Realty,OR,Washington,"56,625","90,600",
Digital Realty,IL,Cook,"37,188","59,500",
Digital Realty,IL,Cook,"37,188","59,500",
Digital Realty,CA,Santa Clara,"27,086","43,338",
Digital Realty,IL,Cook,"21,825","34,920",
Digital Realty,NJ,Passaic,"18,750","30,000",
Digital Realty,IL,Cook,"16,975","27,160",
Digital Realty,AZ,Maricopa,"16,877","27,004",
Digital Realty,VA,Loudoun,"16,688","26,700",
Digital Realty,CA,San Francisco,"12,958","20,733",
Digital Realty,IL,Cook,"12,814","20,502",
Digital Realty,IL,Cook,"12,240","19,584",
Digital Realty,MA,Norfolk,"12,125","19,400",
Digital Realty,NJ,Passaic,"11,688","18,700",1 of 2 facilities
Digital Realty,NJ,Passaic,"11,688","18,700",1 of 2 facilities
Digital Realty,VA,Fairfax,"9,270","14,832",
Digital Realty,IL,Cook,"7,980","12,768",
Digital Realty,MA,Norfolk,"7,500","12,000",
Digital Realty,TX,Harris,"7,206","11,530",
Digital Realty,CA,Santa Clara,"6,787","10,859",
Digital Realty,VA,Prince William,"6,000","9,600",
Digital Realty,CA,San Francisco,"5,472","8,754",
Digital Realty,CA,Santa Clara,"5,510","8,815",
Digital Realty,VA,Fairfax,"5,275","8,440",1 of 3 facilities
Digital Realty,VA,Fairfax,"5,275","8,440",1 of 3 facilities
Digital Realty,VA,Fairfax,"5,275","8,440",1 of 3 facilities
Digital Realty,CA,Alameda,"4,691","7,505",
Digital Realty,NY,New York,"4,188","6,700",
Digital Realty,OR,Washington,"4,000","6,400",
Digital Realty,CA,Santa Clara,"3,636","5,818",
Digital Realty,CA,Santa Clara,"3,452","5,524",
Digital Realty,CA,Santa Clara,"3,336","5,338",
Digital Realty,CA,Santa Clara,"3,336","5,338",
Digital Realty,CA,Santa Clara,"3,185","5,096",
Digital Realty,NJ,Middlesex,"2,863","4,580",
Digital Realty,CA,Alameda,"2,243","3,588",
Digital Realty,NY,New York,"2,000","3,200",
Digital Realty,MO,St. Louis,"2,000","3,200",
Digital Realty,CA,Los Angeles,"1,862","2,980",
Digital Realty,CA,Santa Clara,"1,818","2,909",
Digital Realty,CA,Los Angeles,"1,679","2,686",
Digital Realty,CA,Santa Clara,"1,634","2,614",
Digital Realty,IL,Cook,"1,000","1,600",
Digital Realty,VA,Fairfax,"1,000","1,600",
Digital Realty,MO,St. Louis,975,"1,560",
Digital Realty,AZ,Maricopa,820,"1,312",
Digital Realty,NJ,Essex,228,364,
Directlink Technologies,PA,Berks,"1,883","3,012",
Doxim,NE,Sarpy,75,120,
DP Facilities,VA,Wise,"3,900","6,240",
DXC Technology,OK,Tusla,"10,151","16,241",
DXC Technology,TX,Travis,"8,359","13,374",
DXC Technology,GA,Fulton,"7,938","12,700",
DXC Technology,VA,Mecklenberg,"7,575","12,120",
DXC Technology,DE,New Castle,"7,019","11,230",
DXC Technology,NJ,Passaic,"5,000","8,000",
DXC Technology,OK,Tusla,"4,302","6,883",
DXC Technology,TX,Collin,"4,323","6,917",
DXC Technology,MI,Oakland,"1,809","2,894",
DXC Technology,VA,Fairfax,925,"1,480",
DXC Technology,IL,Cook,563,900,
eBay,UT,Salt Lake,"19,779","31,646",
eBay,CA,Santa Clara,285,456,
EContactLive Inc,CA,Stanislaus,177,282,
EdgeConneX,LA,St. Tammany Parish,not disclosed,not disclosed,
EdgeConneX,IL,Cook,"14,750","23,600",
EdgeConneX,OR,Washington,"11,150","17,840",
EdgeConneX,IL,Cook,"7,625","12,200",
EdgeConneX,OR,Washington,"4,125","6,600",
EdgeConneX,FL,Miami-Dade,"3,500","5,600",
EdgeConneX,CA,Santa Clara,"2,117","3,388",
EdgeConneX,FL,Miami-Dade,750,"1,200",
EdgeConneX,AZ,Maricopa,668,"1,069",
EdgeConneX,CA,Humboldt,568,909,
EdgeConneX,CA,San Diego,334,534,
EdgeConneX,NV,Clark,300,480,
EdgeConneX,CA,Sacramento,167,267,
EdgeCore,CA,Santa Clara,"18,944","30,311",
Edged Energy,GA,Fulton,"64,688","103,500",
Edged Energy,IL,DuPage,"11,318","18,108",
Edged Energy,MO,Clay,"1,250","2,000",
Element Critical,CA,Santa Clara,"3,703","5,924",
Element Critical,IL,DuPage,"1,540","2,464",
Element Critical,IL,DuPage,813,"1,300",
Enloe Medical Center,CA,Butte,55,88,
Ensono,AZ,Maricopa,"1,055","1,688",
Ensono,IL,DuPage,313,500,
Equinix,VA,Loudoun,"72,075","115,320",1 of 6 facilities
Equinix,VA,Loudoun,"72,075","115,320",1 of 6 facilities
Equinix,VA,Loudoun,"72,075","115,320",1 of 6 facilities
Equinix,VA,Loudoun,"72,075","115,320",1 of 6 facilities
Equinix,VA,Loudoun,"72,075","115,320",1 of 6 facilities
Equinix,VA,Loudoun,"72,075","115,320",1 of 6 facilities
Equinix,TX,Dallas,"24,725","39,560",
Equinix,VA,Loudoun,"23,663","37,860",1 of 5 facilities
Equinix,VA,Loudoun,"23,663","37,860",1 of 5 facilities
Equinix,VA,Loudoun,"23,663","37,860",1 of 5 facilities
Equinix,VA,Loudoun,"23,663","37,860",1 of 5 facilities
Equinix,VA,Loudoun,"23,663","37,860",1 of 5 facilities
Equinix,VA,Loudoun,"19,663","31,460",1 of 2 facilities
Equinix,VA,Loudoun,"19,663","31,460",1 of 2 facilities
Equinix,NJ,Hudson,"16,188","25,900",
Equinix,VA,Culpeper,"14,875","23,800",
Equinix,IL,Cook,"11,875","19,000",
Equinix,IL,Cook,"8,500","13,600",
Equinix,NJ,Middlesex,"7,960","12,736",
Equinix,CA,Santa Clara,"7,277","11,644",
Equinix,CA,Los Angeles,"5,838","9,341",
Equinix,CA,Santa Clara,"5,772","9,235",
Equinix,CA,Santa Clara,"5,772","9,235",
Equinix,CA,Santa Clara,"5,483","8,772",
Equinix,NJ,Hudson,"5,000","8,000",
Equinix,CA,Santa Clara,"4,903","7,844",
Equinix,CA,Los Angeles,"4,703","7,525",
Equinix,NJ,Hudson,"4,500","7,200",
Equinix,CO,Arapahoe,"4,358","6,973",
Equinix,IL,Cook,"4,250","6,800",
Equinix,VA,Loudoun,"4,000","6,400",
Equinix,CA,Santa Clara,"3,830","6,128",
Equinix,GA,Fulton,"3,750","6,000",
Equinix,NJ,Hudson,"3,500","5,600",
Equinix,VA,Prince William,"3,500","5,600",
Equinix,VA,Loudoun,"3,500","5,600",
Equinix,CA,Los Angeles,"3,268","5,229",
Equinix,TX,Harris,"3,224","5,158",
Equinix,CA,Santa Clara,"2,736","4,377",
Equinix,CA,San Jose,"2,573","4,116",
Equinix,FL,Miami-Dade,"2,625","4,200",
Equinix,CA,Los Angeles,"2,037","3,260",
Equinix,CA,Los Angeles,"1,564","2,502",
Equinix,NJ,Essex,"1,563","2,500",
Equinix,CA,Santa Clara,"1,634","2,614",
Equinix,NJ,Middlesex,"1,463","2,340",
Equinix,CA,Santa Clara,"1,408","2,253",
Equinix,CA,Santa Clara,"1,239","1,982",
Equinix,CA,Santa Clara,833,"1,333",
Equinix,NJ,Essex,750,"1,200",
Equinix,CO,Arapahoe,689,"1,102",
Equinix,FL,Miami-Dade,500,800,
Equinix,VA,Fairfax,375,600,
"Equinix, Verizon",CA,Santa Clara,"1,072","1,716",
Ernst & Young,NJ,Hudson,"1,500","2,400",
Evergeen Technologies,CO,Lincoln,"1,050","1,680",
Evergreen Management Company,CA,Placer,13,21,
Evocative Data Centers,CA,Los Angeles,"4,924","7,879",
Evocative Data Centers,NJ,Hudson,"2,000","3,200",
Evocative Data Centers,CA,Santa Clara,"1,536","2,458",
Evocative Data Centers,MA,Middlesex,"1,500","2,400",
Evocative Data Centers,NY,New York,"1,000","1,600",
Evocative Data Centers,CA,Santa Clara,529,846,
Evocative Data Centers,CA,Alameda,273,437,
Evocative Data Centers,CA,Los Angeles,168,268,
Evocative Data Centers,CA,Santa Clara,127,203,
Exempla Data Center,CO,Jefferson,500,800,
Expedient,AZ,Maricopa,"1,242","1,986",
Expedient,CO,Arapahoe,"1,033","1,654",
Expedient,MD,Baltimore,941,"1,506",
Expedient,WI,Milwaukee,750,"1,200",
Fairview Health Services,MN,Hennepin,"1,088","1,741",
FedEx,CO,El Paso,"4,500","7,200",
Fiat Chrysler Automobiles,MI,Oakland,"2,120","3,392",
Fidelity,NE,Sarpy,"2,744","4,391",
FirstLight Fiber,ME,Cumberland,450,720,
FirstLight Fiber,NH,Hillsborough,375,600,
FirstLight Fiber,NH,Hillsborough,41,66,
FIS Global,WI,Milwaukee,"2,313","3,700",
FIS Global,MN,Hennepin,504,807,
Fiserv,NE,Douglas,"6,789","10,863",
Fiserv,AZ,Maricopa,"1,643","2,628",
Fiserv,DE,New Castle,445,712,
Fiserv,CA,Los Angeles,227,364,
Fiserv,NJ,Hudson,31,50,
Flexential,OR,Washington,"14,625","23,400",
Flexential,CO,Douglas,"8,120","12,992",
Flexential,OR,Washington,"8,125","13,000",
Flexential,OR,Washington,"5,910","9,456",1 of 2 facilities
Flexential,OR,Washington,"5,910","9,456",1 of 2 facilities
Flexential,PA,Montgomery,"4,000","6,400",
Flexential,NV,Clark,"3,250","5,200",
Flexential,OR,Washington,"2,623","4,196",
Flexential,TX,Collin,"2,424","3,878",
Flexential,AZ,Maricopa,"1,633","2,612",
Flexential,VA,Henrico,"1,063","1,700",
Flexential,UT,Salt Lake,875,"1,400",
Flexential,TN,Williamson,811,"1,298",
Flexential,TN,Williamson,625,"1,000",
Flexential,NV,Clark,500,800,
Flexential,NV,Clark,500,800,
Flexential,UT,Salt Lake,313,500,
Flexential,TN,Williamson,250,400,
Foxconn,WI,Racine,241,385,
Franklin Templeton,CA,San Joaquin,548,876,
Fujitsu,CA,Santa Clara,723,"1,157",
Gannett,VA,Fairfax,"1,000","1,600",
Gap Inc.,CA,Placer,"1,078","1,726",
General Electric,MD,Montgomery,675,"1,080",
George Washington University,VA,Loudoun,325,520,
Global Federal Credit Union,AZ,Maricopa,476,762,
GoDaddy,AZ,Maricopa,"5,489","8,782",
Google,GA,Douglas,not disclosed,not disclosed,
Google,NV,Storey,not disclosed,not disclosed,
Google,OH,Fairfield,not disclosed,not disclosed,
Google,OH,Franklin,not disclosed,not disclosed,
Google,OH,Licking,not disclosed,not disclosed,
Google,OR,Wasco,not disclosed,not disclosed,
Google,OR,Wasco,not disclosed,not disclosed,
Google,SC,Berkeley,not disclosed,not disclosed,
Google,TN,Montgomery,not disclosed,not disclosed,
Google,OR,Wasco,not disclosed,not disclosed,
Google,OK,Mayes,not disclosed,not disclosed,
Google,OK,Mayes,not disclosed,not disclosed,
Google,AL,Jackson,not disclosed,not disclosed,
Google,NE,Douglas,"314,975","503,960",
Google,NE,Sarpy,"270,974","433,559",
Google,AZ,Maricopa,"137,995","220,792",
Google,TX,Ellis,"133,150","213,040",
Google,VA,Loudoun,"97,639","156,222",
Google,VA,Prince William,"83,952","134,323",
Google,NC,Caldwell,"66,550","106,480",
Google,VA,Loudoun,"66,537","106,459",
Google,IN,Allen,"65,765","105,224",
Google,IA,Pottawattamie,"45,145","72,231",
Google,TX,Ellis,"42,575","68,120",
Google,NV,Clark,"40,169","64,270",
Google,IA,Pottawattamie,"21,375","34,200",
Google,CA,Santa Barbara,"1,711","2,738",
Google,CA,Santa Clara,"1,605","2,569",
Google,CA,Santa Clara,"1,563","2,501",
Google,CO,Adams,"1,231","1,969",
Google,CA,Santa Clara,867,"1,387",
Google,CA,Santa Clara,311,497,
Google,CA,Santa Clara,227,364,
Google,CA,Santa Clara,209,334,
Google,CA,Alameda,243,389,
Google,CA,San Mateo,199,319,
Google,CA,Santa Barbara,59,94,
Google,CA,Santa Barbara,94,150,
Google,CA,Santa Clara,112,179,
Google,CA,Santa Clara,87,138,
Google,CA,Santa Clara,60,97,
Google,CA,Santa Clara,60,97,
Google,CA,Santa Clara,168,268,
Google,CA,San Francisco,102,163,
Google,CA,Santa Clara,30,48,
Google,CA,San Mateo,12,19,
Google,CA,Santa Clara,29,47,
Gtech Corporation,WV,Kanawha,63,100,
Gtech Corporation,WV,Kanawha,29,47,
Guideware Software,CA,Santa Clara,40,64,
H5 Data Centers,OR,Multnomah,not disclosed,not disclosed,
H5 Data Centers,VA,Loudoun,"19,500","31,200",
H5 Data Centers,WA,Grant,"10,125","16,200",
H5 Data Centers,PA,Philadelphia,"3,000","4,800",
H5 Data Centers,OH,Hamilton,"2,138","3,420",
H5 Data Centers,AZ,Maricopa,"1,391","2,225",
H5 Data Centers,CA,San Luis Obispo,"1,350","2,160",
H5 Data Centers,OH,Cuyahoga,"1,063","1,700",
H5 Data Centers,MO,St. Louis,63,100,
H5 Data Centers,MO,St. Louis,63,100,
Health & Hospital Corporation of Marion County,IN,Marion,415,664,
HealthPartners,MN,Dakota,not disclosed,not disclosed,
Hosting.com,CA,San Francisco,"1,615","2,584",
Indiana University Health,IN,Marion,"1,585","2,536",
Inova,VA,Loudoun,750,"1,200",
Intuit,CA,Santa Clara,323,517,
Iron Mountain,VA,Prince William,"88,306","141,290",1 of 7 facilities
Iron Mountain,VA,Prince William,"88,306","141,290",1 of 7 facilities
Iron Mountain,VA,Prince William,"88,306","141,290",1 of 7 facilities
Iron Mountain,VA,Prince William,"88,306","141,290",1 of 7 facilities
Iron Mountain,VA,Prince William,"88,306","141,290",1 of 7 facilities
Iron Mountain,VA,Prince William,"88,306","141,290",1 of 7 facilities
Iron Mountain,VA,Prince William,"88,306","141,290",1 of 7 facilities
Iron Mountain,AZ,Maricopa,"28,199","45,118",
Iron Mountain,IL,Cook,"19,538","31,260",
Iron Mountain,NJ,Middlesex,"10,000","16,000",
Iron Mountain,AZ,Maricopa,"4,558","7,293",
Iron Mountain,MO,Nodaway,938,"1,500",
Iron Mountain,CO,Denver,531,849,
Iron Mountain,NJ,Middlesex,264,422,
Iron Mountain,PA,Butler,252,403,
Iron Mountain,NJ,Hudson,150,240,
Irvine Company,CA,Orange,280,448,
Irvine Company,CA,San Diego,59,94,
ITS,IA,Jones,115,184,
Jamestown Concord Tech Building,CA,Contra Costa,"2,707","4,332",
JPMorgan Chase,NY,Rockland,not disclosed,not disclosed,
JPMorgan Chase,NY,Rockland,"22,851","36,561",
JPMorgan Chase,DE,New Castle,"17,467","27,947",
JPMorgan Chase,CO,Arapahoe,"12,112","19,379",
JPMorgan Chase,DE,New Castle,"11,488","18,381",
JPMorgan Chase,CO,Broomfield,"10,000","16,000",
JPMorgan Chase,DE,New Castle,"5,475","8,760",
JPPF 360 E Second LP,CA,Los Angeles,60,97,
Kaiser Permanente,CA,Napa,"5,583","8,933",
Kaiser Permanente,CA,Alameda,"1,215","1,943",
Kaiser Permanente,CA,Contra Costa,701,"1,121",
Kaiser Permanente,CA,San Francisco,223,356,
Kyndryl,CO,Boulder,"13,868","22,188",
Kyndryl,NY,Orange,"6,640","10,625",
Kyndryl,NY,Orange,"4,375","7,000",
Kyndryl,OH,Franklin,"3,250","5,200",
Kyndryl,MO,St. Louis,"3,000","4,800",
Kyndryl,NY,Monroe,"2,551","4,081",
Kyndryl,NY,Westchester,"1,308","2,092",
Kyndryl,AZ,Pima,286,457,
Kyndryl,VA,Fairfax,125,200,
Landmark Dividend,AZ,Maricopa,"5,247","8,394",
Lanset America Corporation,CA,Sacramento,41,65,
Lason a Lason Company,CA,San Francisco,437,700,
Leidos,CO,Adams,"1,036","1,658",
Leidos,CO,Boulder,847,"1,356",
Liberty Mutual,NH,Rockingham,"3,751","6,002",
LightEdge,CA,San Diego,"1,307","2,090",
LightEdge,CA,San Diego,675,"1,080",
Lightpath,NJ,Somerset,not disclosed,not disclosed,
Lightpath,NJ,Middlesex,"6,875","11,000",
LinkedIn,CA,Santa Clara,195,312,
LinkedIn,CA,Santa Barbara,112,179,
Long Beach Data Center,CA,Los Angeles,212,338,
Los Angeles County Internal Services Department,CA,Los Angeles,60,97,
Los Angeles County Internal Services Department,CA,Los Angeles,93,149,
Lumen Technologies,CA,Santa Clara,"2,006","3,210",
Lumen Technologies,CA,Alameda,"1,608","2,574",
Lumen Technologies,CA,Sacramento,"1,624","2,599",
Lumen Technologies,NJ,Essex,"1,613","2,580",
Lumen Technologies,NJ,Hudson,"1,500","2,400",
Lumen Technologies,VA,Fairfax,"1,400","2,240",
Lumen Technologies,NJ,Hudson,"1,288","2,060",
Lumen Technologies,CA,Santa Clara,"1,057","1,692",
Lumen Technologies,CO,Arapahoe,942,"1,508",
Lumen Technologies,CA,Sacramento,526,842,
Lumen Technologies,CA,Santa Barbara,536,858,
Lumen Technologies,CA,Orange,411,658,
Lumen Technologies,CA,Alameda,475,760,
Lumen Technologies,CA,San Joaquin,405,648,
Lumen Technologies,CO,Denver,438,701,
Lumen Technologies,MD,Baltimore City,414,662,
Lumen Technologies,CA,San Diego,500,800,
Lumen Technologies,MO,St. Louis,500,800,
Lumen Technologies,CA,San Luis Obispo,313,500,
Lumen Technologies,CA,San Joaquin,278,444,
Lumen Technologies,CA,San Joaquin,279,446,
Lumen Technologies,CA,San Joaquin,230,367,
Lumen Technologies,CA,San Diego,177,282,
Lumen Technologies,CA,Santa Barbara,84,134,
Lumen Technologies,CA,San Luis Obispo,63,100,
Lumen Technologies,CA,Alameda,104,167,
Lumen Technologies,CA,Contra Costa,50,80,
Lumen Technologies,CA,San Luis Obispo,51,82,
Lumen Technologies,CA,San Joaquin,38,60,
Lumen Technologies,CA,Trinity,13,20,
Lumen Technologies,CA,Nevada,13,20,
Lunavi,WY,Laramie,"1,500","2,400",
Mapletree Industrial Trust,NC,Mecklenberg,"1,100","1,760",
Mapletree Industrial Trust,AZ,Maricopa,847,"1,355",
Markley Group,MA,Suffolk,"7,000","11,200",
MasterCard,MO,Platte,"6,503","10,404",
McKesson,CA,Sacramento,"2,267","3,627",
MDC Data Centers,CA,San Diego,114,182,
Meta,NM,Valencia,not disclosed,not disclosed,
Meta,OR,Crook,not disclosed,not disclosed,
Meta,TN,Sumner,not disclosed,not disclosed,
Meta,TX,Bell,not disclosed,not disclosed,
Meta,AL,Madison,not disclosed,not disclosed,
Meta,AL,Madison,not disclosed,not disclosed,
Meta,MO,Jackson,not disclosed,not disclosed,
Meta,NE,Sarpy,"496,525","794,440",
Meta,TX,Tarrant,"198,490","317,585",
Meta,GA,Newton,"182,495","291,993",
Meta,IA,Polk,"82,000","131,200",
Meta,VA,Henrico,"68,000","108,800",
Meta,OH,Licking,"58,313","93,300",
Meta,TX,Tarrant,"40,500","64,800",
Meta,NC,Rutherford,"40,375","64,600",
Meta,UT,Utah,"28,131","45,009",
Meta,AZ,Maricopa,"17,429","27,886",
Meta,IL,DeKalb,"16,592","26,548",
Meta,ID,Ada,"6,475","10,361",
Meta,IN,Clark,"1,493","2,388",
Meta,CA,San Francisco,818,"1,309",
Meta,CA,San Mateo,558,893,
Meta,CA,Alameda,414,662,
Meta,CA,Alameda,278,444,
Meta,CA,Alameda,260,415,
Meta,CA,San Mateo,70,112,
Meta,CA,San Mateo,60,97,
Meta,CA,San Mateo,142,227,
Meta,CA,San Mateo,167,268,
Meta,CA,Santa Clara,70,112,
Meta,CA,Alameda,62,98,
Meta,CA,Alameda,128,205,
Micron Technology,CA,Santa Clara,953,"1,525",
Microsoft,AZ,Maricopa,"195,563","312,900",
Microsoft,TX,Bexar,"109,375","175,000",
Microsoft,VA,Mecklenberg,"105,875","169,400",
Microsoft,VA,Mecklenberg,"103,238","165,180",
Microsoft,VA,Mecklenberg,"99,513","159,220",
Microsoft,IA,Polk,"85,200","136,320",
Microsoft,VA,Loudoun,"78,375","125,400",
Microsoft,WA,Grant,"70,313","112,500",
Microsoft,TX,Bexar,"69,050","110,480",
Microsoft,IA,Warren,"65,859","105,375",
Microsoft,WY,Laramie,"52,953","84,725",
Microsoft,VA,Mecklenberg,"48,597","77,754",
Microsoft,VA,Mecklenberg,"48,597","77,754",
Microsoft,VA,Mecklenberg,"45,375","72,600",
Microsoft,VA,Loudoun,"43,775","70,040",
Microsoft,TX,Medina,"42,950","68,720",
Microsoft,AZ,Maricopa,"40,273","64,436",
Microsoft,MD,Anne Arundel,"38,488","61,580",
Microsoft,AZ,Maricopa,"37,893","60,628",
Microsoft,IA,Dallas,"32,410","51,856",
Microsoft,VA,Mecklenberg,"31,250","50,000",
Microsoft,WI,Racine,"29,375","47,000",
Microsoft,TX,Bexar,"28,250","45,200",
Microsoft,WA,Grant,"25,000","40,000",
Microsoft,IL,Cook,"22,368","35,788",
Microsoft,IA,Dallas,"21,875","35,000",
Microsoft,TX,Bexar,"21,550","34,480",
Microsoft,IL,Cook,"17,947","28,714",
Microsoft,IL,Cook,"16,457","26,332",
Microsoft,IL,Cook,"15,750","25,200",
Microsoft,VA,Prince William,"15,729","25,166",
Microsoft,VA,Loudoun,"15,688","25,100",
Microsoft,VA,Prince William,"15,688","25,100",
Microsoft,GA,Douglas,"15,125","24,200",
Microsoft,GA,Fulton,"15,125","24,200",
Microsoft,GA,Fulton,"15,125","24,200",
Microsoft,NC,Catawba,"15,125","24,200",
Microsoft,VA,Mecklenberg,"15,125","24,200",
Microsoft,CA,Santa Clara,"13,702","21,923",
Microsoft,TX,Bexar,"12,500","20,000",
Microsoft,VA,Fauquier,"9,875","15,800",
Microsoft,TX,Bexar,"9,875","15,800",
Microsoft,TX,Bexar,"5,000","8,000",
Microsoft,CA,Santa Clara,37,60,
Montgomery County Public Safety Headquarters,MD,Montgomery,520,832,
Morgan Stanley,NJ,Somerset,"1,525","2,440",
Nautilus Data Technologies,CA,San Joaquin,"3,610","5,776",
Nautilus Data Technologies,CA,San Joaquin,"1,771","2,834",
Nestle,AZ,Maricopa,500,800,
NeuStar,VA,Loudoun,375,600,
Newfold Digital,UT,Utah,"1,500","2,400",
Nissan,CO,Arapahoe,828,"1,324",
NJFX,NJ,Monmouth,750,"1,200",
Northeast Data,MA,Middlesex,500,800,
Northern Trust,IL,Ogle,"2,000","3,200",
Northern Trust Securities,AZ,Maricopa,550,879,
Northland Management,ME,Cumberland,175,280,
Northrop Grumman,VA,Fairfax,"1,138","1,820",
Northrop Grumman,VA,Fairfax,675,"1,080",
Northrop Grumman,VA,Fairfax,625,"1,000",
NOVVA Data Centers,UT,Salt Lake,"17,502","28,003",
NTT,OR,Washington,"72,250","115,600",
NTT,AZ,Maricopa,"64,169","102,671",
NTT,VA,Loudoun,"56,000","89,600",1 of 4 facilities
NTT,VA,Loudoun,"56,000","89,600",1 of 4 facilities
NTT,VA,Loudoun,"56,000","89,600",1 of 4 facilities
NTT,VA,Loudoun,"56,000","89,600",1 of 4 facilities
NTT,TX,Dallas,"48,188","77,100",
NTT,VA,Prince William,"45,875","73,400",
NTT,CA,Sacramento,"29,177","46,683",
NTT,WA,Grant,"21,000","33,600",
NTT,IL,DuPage,"19,875","31,800",
NTT,VA,Loudoun,"9,500","15,200",
NTT,CA,Santa Clara,"9,003","14,405",
NTT,CA,Sacramento,"7,949","12,718",
NTT,VA,Loudoun,"7,313","11,700",
NYI,IL,DuPage,313,500,
One Data Center America,CA,San Bernardino,273,437,
Oracle,MO,Clay,"4,937","7,900",
Oracle,MO,Clay,"3,819","6,111",
Oracle,CO,Jefferson,"2,075","3,320",
Oracle,CO,Denver,"1,313","2,100",1 of 2 facilities
Oracle,CO,Denver,"1,313","2,100",1 of 2 facilities
Oracle,VA,Fairfax,440,704,1 of 2 facilities
Oracle,VA,Fairfax,440,704,1 of 2 facilities
Oracle,MO,Jackson,188,300,
Oracle,CA,Placer,141,225,
OVHcloud,VA,Fauquier,"4,500","7,200",
OVHcloud,OR,Washington,"2,000","3,200",
Pacific Bell,CA,Solano,"5,260","8,416",
Pacific Bell,CA,Contra Costa,270,432,
PC Solutions,CA,Fresno,25,39,
Philcade,OK,Tulsa,50,80,
phoenixNAP,AZ,Maricopa,"3,391","5,426",
PointOne,VA,Fauquier,"14,910","23,856",
PointOne,VA,Virginia Beach,"3,106","4,970",
PowerHouse,NV,Washoe,not disclosed,not disclosed,
PowerHouse,VA,Loudoun,"4,430","7,089",
Prime Data Centers,CA,Sacramento,"4,197","6,715",
Prime Data Centers,CA,Los Angeles,"1,903","3,044",
Prime Data Centers,CA,Sacramento,825,"1,319",
PSCU Financial Services,AZ,Maricopa,405,648,
QTS,OH,Franklin,not disclosed,not disclosed,
QTS,AZ,Maricopa,"413,470","661,552",
QTS,VA,Henrico,"324,100","518,560",
QTS,GA,Fulton,"132,238","211,580",
QTS,GA,Fayette,"128,125","205,000",
QTS,AZ,Maricopa,"108,300","173,280",
QTS,OR,Washington,"94,924","151,878",
QTS,TX,Dallas,"72,500","116,000",
QTS,VA,Prince William,"71,696","114,713",1 of 6 facilities
QTS,VA,Prince William,"71,696","114,713",1 of 6 facilities
QTS,VA,Prince William,"71,696","114,713",1 of 6 facilities
QTS,VA,Prince William,"71,696","114,713",1 of 6 facilities
QTS,VA,Prince William,"71,696","114,713",1 of 6 facilities
QTS,VA,Prince William,"71,696","114,713",1 of 6 facilities
QTS,FL,Miami-Dade,"54,900","87,840",
QTS,VA,Loudoun,"40,625","65,000",1 of 2 facilities
QTS,VA,Loudoun,"40,625","65,000",1 of 2 facilities
QTS,VA,Loudoun,"36,039","57,662",1 of 2 facilities
QTS,VA,Loudoun,"36,039","57,662",1 of 2 facilities
QTS,IL,Cook,"34,375","55,000",
QTS,CO,Arapahoe,"27,000","43,200",
QTS,TX,Bexar,"23,000","36,800",
QTS,NJ,Middlesex,"21,250","34,000",
QTS,GA,Gwinnett,"14,860","23,776",
QTS,VA,Loudoun,"14,388","23,020",
QTS,GA,Gwinnett,"10,813","17,300",
QTS,TX,Denton,"7,500","12,000",
QTS,CA,Santa Clara,"5,032","8,052",
QTS,VA,Loudoun,"5,000","8,000",
QTS,NJ,Mercer,"3,438","5,500",
QTS,VA,Loudoun,"2,875","4,600",
QTS,NJ,Hudson,938,"1,500",
QTS,CA,Sacramento,536,858,
QTS,KS,Johnson,149,239,
Quest,CA,Placer,823,"1,316",
Quinby Wilshire LLC,CA,Los Angeles,141,225,
Rackspace,TX,Tarrant,not disclosed,not disclosed,
Rackspace,CA,Santa Clara,"2,601","4,161",
Rackspace,NJ,Somerset,"2,000","3,200",
Rackspace,NJ,Somerset,"1,369","2,190",
Regulus Cyber,CA,Napa,199,319,
Reliance Industries,OK,Kingfisher,56,90,
Retail Finance International Holdings,OH,Montgomery,188,300,
RiCloud,CA,Santa Clara,"2,474","3,958",
Rosegate LLC,CA,Los Angeles,141,225,
Sabey Data Centers,WA,Grant,"52,525","84,040",
Sabey Data Centers,VA,Loudoun,"28,173","45,076",
Sabey Data Centers,WA,Douglas,"13,900","22,240",
Sabey Data Centers,TX,Williamson,"3,825","6,120",
Sabey Data Centers,WA,Douglas,"1,875","3,000",
Salesforce,CA,San Francisco,611,978,
Salesforce,CA,San Francisco,339,542,
Sansone Group,MD,Montgomery,"6,438","10,300",
ScaleMatrix,CA,San Diego,"1,875","3,000",
Seaboard Marine,TX,Gaines,200,319,
Secured Network Services,NH,Grafton,125,200,
Sentara Healthcare,VA,Virginia Beach,"1,873","2,997",
Sentinel Data Centers,VA,Loudoun,"16,500","26,400",
Serverfarm,TX,Harris,"18,100","28,959",
Serverfarm,IL,Cook,"12,125","19,400",
Serverfarm,WA,Grant,"6,875","11,000",
Serverfarm,TX,Travis,"3,500","5,600",
"Showers Development, LLC",OR,Washington,"5,593","8,948",
SIAA,MD,Prince George's,325,520,
Sidus Group,CO,Denver,843,"1,349",
Six/Ten,FL,Polk,"1,195","1,912",
Skybox,TX,Williamson,"48,450","77,520",
Skybox,TX,Travis,"27,200","43,520",
Skybox,IL,Cook,"22,500","36,000",
"Slater Land, Inc.",CA,Butte,67,107,
"Slater Land, Inc.",CA,Butte,60,97,
"Slater Land, Inc.",CA,Butte,46,73,
"Slater Land, Inc.",CA,Butte,56,90,
Smithsonian Institution,VA,Fairfax,678,"1,085",
SMS Datacenter,CA,Orange,456,730,
SOMO village,CA,Sonoma,184,295,
Spectrum,CO,Arapahoe,"3,825","6,120",
Spectrum,CA,Stanislaus,71,113,
Springfield Technology Park,MA,Hampden,100,160,
Square,CA,San Francisco,262,419,
SRI Ten 706 Wilshire LLC,CA,Los Angeles,979,"1,566",
Stack Infrastructure,AZ,Maricopa,"216,688","346,700",
Stack Infrastructure,OR,Washington,"45,625","73,000",
Stack Infrastructure,VA,Prince William,"32,063","51,300",
Stack Infrastructure,VA,Loudoun,"31,900","51,040",1 of 2 facilities
Stack Infrastructure,VA,Loudoun,"31,900","51,040",1 of 2 facilities
Stack Infrastructure,CA,Santa Clara,"22,563","36,100",
Stack Infrastructure,IL,Cook,"18,234","29,174",
Stack Infrastructure,VA,Prince William,"15,985","25,575",
Stack Infrastructure,TX,Collin,"11,463","18,340",
Stack Infrastructure,VA,Loudoun,"9,188","14,700",
Stack Infrastructure,OR,Washington,"7,875","12,600",
Stack Infrastructure,TX,Collin,"3,375","5,400",
Stack Infrastructure,GA,Fulton,"3,188","5,100",
Stack Infrastructure,OR,Washington,"3,188","5,100",
Stanford University Data Center,CA,San Mateo,"1,372","2,195",
State Farm,KS,Johnson,"5,837","9,340",
Stonepeak Infrastructure Partners,CO,Boulder,884,"1,414",
Stonepeak Infrastructure Partners,CA,San Luis Obispo,75,120,
Stratacache,OH,Montgomery,"1,200","1,920",
Stream Data Centers,AZ,Maricopa,"178,523","285,637",
Stream Data Centers,TX,Dallas,"21,313","34,100",
Stream Data Centers,IL,Cook,"15,000","24,000",
Stream Data Centers,IL,Cook,"7,000","11,200",
Stream Data Centers,TX,Dallas,"3,750","6,000",
SunGard BiTech,CA,Butte,98,156,
Susquehanna International Group,PA,Montgomery,"1,500","2,400",
Sutter Health,CA,Sacramento,"1,626","2,601",
Switch,NV,Washoe,not disclosed,not disclosed,
Switch,MI,Kent,"24,660","39,456",
Switch,GA,Douglas,625,"1,000",
T-Mobile,WA,Douglas,not disclosed,not disclosed,
T-Mobile,CA,Sacramento,74,118,
T5 Data Centers,CA,Alameda,"8,714","13,942",
T5 Data Centers,GA,Douglas,"8,125","13,000",
T5 Data Centers,IL,Cook,"8,125","13,000",
T5 Data Centers,MN,Hennepin,"3,375","5,400",
T5 Data Centers,NY,Westchester,"2,413","3,860",
Target,MN,Hennepin,"4,699","7,518",
Target,MN,Sherburne,"4,297","6,875",
Tata Communications,NJ,Monmouth,"1,500","2,400",
TD Bank,NJ,Burlington,938,"1,500",
TD Bank,NJ,Burlington,450,720,
TD Bank,NJ,Burlington,25,40,
Tech Corners,CA,Santa Clara,224,358,
Telecom Center LA LLC,CA,Los Angeles,70,112,
Telehouse America,NY,Richmond,"1,750","2,800",
Telehouse America,NY,New York,"1,000","1,600",
Telehouse America,CA,Los Angeles,200,320,
Teleplan International,CA,Placer,32,51,
TGS,CA,Orange,872,"1,396",
"The 3250 Wilshire Blvd, Partners",CA,Los Angeles,43,69,
The Aerospace Corporation,VA,Fairfax,not disclosed,not disclosed,
The Meridian Group,VA,Fairfax,"2,149","3,438",
The Swig Company,CA,San Francisco,774,"1,239",
The Vanguard Group,PA,Philadelphia,"1,745","2,792",
TierPoint,IL,Cook,not disclosed,not disclosed,
TierPoint,PA,Montgomery,"4,500","7,200",
TierPoint,PA,Lehigh,"4,358","6,973",
TierPoint,WA,Spokane,"2,875","4,600",
TierPoint,NY,Westchester,"1,938","3,100",
TierPoint,OK,Oklahoma,"1,840","2,944",
TierPoint,MA,Middlesex,"1,688","2,700",
TierPoint,NC,Mecklenberg,"1,625","2,600",
TierPoint,NE,Sarpy,"1,463","2,340",
TierPoint,WA,Spokane,"1,297","2,075",
TierPoint,NE,Sarpy,"1,188","1,900",
TierPoint,PA,Northampton,"1,090","1,744",
TierPoint,TN,Williamson,"1,089","1,743",
TierPoint,NY,Westchester,"1,000","1,600",
TierPoint,MA,Suffolk,"1,000","1,600",
TierPoint,PA,Philadelphia,868,"1,388",
TierPoint,MD,Anne Arundel,625,"1,000",
TierPoint,MD,Baltimore City,500,800,
TierPoint,PA,Northampton,439,702,
Tonaquint Data Centers,OK,Oklahoma,"1,710","2,736",
Tonaquint Data Centers,UT,Washington,"1,000","1,600",
Toyama Group,CA,Santa Clara,"1,579","2,527",
TPx,CA,Orange,"1,067","1,707",
Travelers Indemnity Company,GA,Gwinnett,"1,875","3,000",
Travelers Indemnity Company,NE,Douglas,501,802,
Tri Counties Bank,CA,Butte,96,154,
Tri Counties Bank,CA,Butte,25,40,
Unisys,VA,Fairfax,313,500,
United Airlines,IL,Cook,"1,250","2,000",
United Health Group,MN,Sherburne,not disclosed,not disclosed,
United Parcel Service,GA,Fulton,"2,400","3,840",
United Shore Financial Services,MI,Oakland,"1,883","3,013",
University of California,CA,Santa Barbara,144,230,
University of Maryland Medical System,MD,Howard,557,891,
University of Minnesota - Minnesota Supercomputing Institute,MN,Hennepin,not disclosed,not disclosed,
unWired Broadband,CA,San Joaquin,94,150,
US Customs and Border Protection,VA,Fairfax,"1,900","3,040",
US Department of Defense,CA,Monterey,"3,388","5,420",
US Earth Resources Observation and Science Center,SD,Minnehaha,912,"1,460",
US Federal Bureau of Investigation,VA,Fairfax,750,"1,200",
US Federal Home Loan Mortgage Corporation,VA,Fairfax,"3,101","4,961",
US Federal Home Loan Mortgage Corporation,VA,Fairfax,"2,000","3,200",
US Federal National Mortgage Association,MD,Frederick,"3,765","6,024",
US Federal National Mortgage Association,VA,Fairfax,519,830,
US General Services Administration,CO,Jefferson,"2,237","3,579",
US National Aeronautics and Space Administration,MS,Hancock,"5,438","8,700",
US National Counterterrorism Center,VA,Fairfax,500,800,
US National Oceanic and Atmospheric Association,VA,Accomack,"1,000","1,600",
US National Reconnaissance Office,VA,Fairfax,"10,139","16,222",
US National Security Agency,UT,Utah,"45,050","72,080",
US Navy,CA,Monterey,525,840,
US Navy,CA,Monterey,9,14,
US Postal Service,CA,San Mateo,"2,603","4,164",
US Signal,CO,Arapahoe,"1,119","1,790",
Vantage Data Centers,AZ,Maricopa,"91,200","145,919",
Vantage Data Centers,VA,Loudoun,"83,438","133,500",
Vantage Data Centers,VA,Loudoun,"68,063","108,900",
Vantage Data Centers,WA,Grant,"41,125","65,800",
Vantage Data Centers,CA,Santa Clara,"33,210","53,136",
Vantage Data Centers,TX,Bexar,"24,830","39,727",
Vantage Data Centers,CA,Santa Clara,"23,701","37,921",
Vantage Data Centers,TX,Bexar,"16,553","26,485",
Vantage Data Centers,VA,Loudoun,"15,125","24,200",
Vantage Data Centers,VA,Loudoun,"12,793","20,468",
Verint,CA,Santa Clara,141,225,
VeriSign,VA,Loudoun,"2,000","3,200",
Verizon,CO,El Paso,"7,500","12,000",
Verizon,VA,Prince William,"6,000","9,600",
Verizon,FL,Hillsborough,"5,059","8,094",
Verizon,CA,San Bernardino,"3,828","6,124",
Verizon,VA,Loudoun,"3,500","5,600",
Verizon,FL,Miami-Dade,"2,000","3,200",
Verizon,NJ,Essex,"1,888","3,020",
Verizon,CA,Alameda,953,"1,525",
Verizon,VA,Fairfax,875,"1,400",
Verizon,CA,Alameda,820,"1,311",
Verizon,CA,San Bernardino,548,876,
Verizon,CA,Los Angeles,410,656,
Verizon,MD,Prince George's,500,800,
Verizon,MA,Middlesex,375,600,
Verizon,CA,Los Angeles,269,430,
Verizon,DC,District of Columbia,275,440,
Verizon,MD,Baltimore City,188,300,
Verizon,MO,St. Louis,250,400,
Verizon,NJ,Middlesex,188,300,
Verizon,NJ,Hudson,188,300,
Verizon,NE,Douglas,88,140,
Verizon,NM,Bernalillo,100,159,
Verizon,CA,Del Norte,15,24,
Visa,VA,Loudoun,"11,525","18,440",
Visa,CO,Douglas,509,814,
Walmart,CO,El Paso,"8,130","13,007",
Walmart,AR,Benton,"6,442","10,307",
Walmart,MO,McDonald,"2,900","4,640",
Williams Communications,CA,Orange,129,207,
Williams Sonoma,CA,Placer,356,569,
Workday,CA,Alameda,60,96,
Woverine Trading,IL,DuPage,548,876,
WW Grainger,IL,Lake,"1,875","3,000",
X Energy Corporation,TX,Ward,"14,720","23,552",
Yahoo,NY,Niagara,"15,059","24,095",
Yahoo,WA,Grant,"13,875","22,200",
Yardi Systems,CA,Santa Barbara,140,223,
Yondr,VA,Loudoun,"45,000","72,000",